"Today in New Delhi, India"
 Indian-origin MP Priti Patel under fire over Brexit remarks 
 India vs Canada Hockey World cup 2018 Live updates: IND lead CAN 5-1 
 Over 1 million attended Ijtema in Bulandshahr near violence spot: Officials 
" Will write to her, didn’t mean to hurt: Sharad Yadav on body shaming Raje "
 ‘Surgical strikes for political capital’: Rahul tweets jibe at PM Modi 
" Good hair day, every day! Sponsored Content "
 Bulandshahr SSP transferred after intelligence report on mob violence 
" Doc gave homosexuals electric shocks, called it ‘genetic mental disorder’ "
" US sanctions may lead to ‘deluge’ of drugs, refugees, attacks on West: Iran "
 Hype around surgical strike unwarranted: Ex-Army officer who was part of op 
" Priyanka, Nick make one stunning public appearance after another "
 Avengers Endgame: Marvels fans have already found plot holes 
 Miss World 2018: Anukreethy Vas stuns as top 30 finalist. See pics 
" Priyanka, Nick in Udaipur for Isha Ambani’s pre-wedding functions "
" Isha Ambani begins pre-wedding celebrations, feeds 5,100 people in Udaipur "
" Kareena, Saif celebrate son Taimur’s birthday with all his friends "
 Sachin Tendulkar’s advise to Australia after play on Day 3 
 Millennial matters: Simple tips for managing your finances better 
 ED raids Congress worker Jagdish Sharma’s residence 
 2 officials suspended after EVM machine found on road in Rajasthan 
 Listen to the first sounds from Mars 
" Saif, Kareena throw pre-birthday party for Taimur "
Imran Khan admits Lashkar-e-Taiba&#39;s &#39;Mumbai assault&#39;
"Sorry for the mistakes, but the sins of the Badals can not be spared"
Police spent Rs. 42000 for the theft of Rs. 141
15-year-old girl raped by 18 people for one year
" Exit polls predict photo finish in MP, Chhattisgarh; Congress ahead in Rajasthan "
" Rahul’s interview paid news, take action against him: BJP to EC "
 Mizoram exit polls 2018: All you need to know 
 Telangana assembly elections 2018 records 67.5% voter turnout 
" Stay alert, EVMs have mysterious powers in Modi’s India: Rahul to party men "
 Exit polls: KCR has an edge in Telangana but it may not be easy 
 In the Twilight hour: Looking back at Stephenie Meyer’s cult human-vampire romance 
 Rise up: Female voices take centre stage at Grammys 
 A toast to cricket nostalgia on a quilted winter morning: Flip Side by Kunal Pradhan 
 Virat Kohli becomes first Indian cricket team skipper to achieve this feat 
 Virat Kohli sledges Tim Paine during Adelaide Test - Watch video 
 Sachin Tendulkar’s advise to Australia after play on Day 3 
 AUS would be ‘worst blokes in world’ if they celebrated like Kohli: Langer 
" Virat Kohli joins Sachin Tendulkar, Rahul Dravid in illustrious list "
 Photos of the week: En route ISS from Baikonur and Bush 41’s funeral 
 Photos| Carving out a life in refuge: Three migrants in Berlin 
 Photos | In the works: A ‘master plan’ for public art in Delhi 
 Photos: Malnutrition stalks children in tattered Central African Republic 
 Sharmila Tagore has been a style icon for more than half a century 
 Miracle doughnuts emerge as Israel celebrates Hanukkah 
" These Priyanka Chopra, Nick Jonas wedding illustrations will blow your mind "
 How to help someone who is dealing with anxiety 
" ‘Surgical strikes for political capital’: Rahul tweets jibe at PM Modi Dec 08, 2018 15:08 IST "
 Bulandshahr SSP transferred after intelligence report on mob violence 
" Will write to her, didn’t mean to hurt: Sharad Yadav on body shaming Raje "
" ED raids Congress worker Jagdish Sharma’s residence, detains him "
" PewDiePie vs T-Series: Logan Paul creates subscription link for PewDiePie Dec 08, 2018 14:30 IST "
" Apple rolls out ECG, health features for Watch Series 4 "
 PUBG Mobile latest update to bring ‘Vikendi’ snow map 
 Australia anti-encryption law rushed to passage 
" Target areas with foulest air in Delhi-NCR: Task force on pollution Dec 05, 2018 10:29 IST "
" To protect our future, new infrastructure must be low-carbon "
" Tackling the world’s worst smog in India, one scooter at a time "
 Govt amends Motor Vehicles Act to include bio-fuel run farm tractors 
" ‘France protests a monster out of control’: Minister vows zero tolerance Dec 08, 2018 16:48 IST "
" US sanctions may lead to ‘deluge’ of drugs, refugees, attacks on West: Iran "
" Couple poses nude after scaling restricted pyramid, pic goes viral "
 Donald Trump picks next attorney general and UN envoy in fresh shake-up 
" Ayushmann to play a balding man in Bala, his third film with Bhumi Dec 08, 2018 13:44 IST "
 Priyanka introduces her new family with portraits from her wedding 
" Bigg Boss 12: HT readers want Deepak , Jasleen evicted from the house "
 Sunil Grovers wishes Kapil Sharma a happy married life 
" Kedarnath movie review: Sara Ali Khan isn’t bad, but the film is a washout Dec 08, 2018 08:53 IST "
 Mowgli movie review: Netflix brings Dark Knight darkness to Jungle Book 
 Mortal Engines review: Peter Jackson delivers a visually stunning spectacle 
" Rajma Chawal movie review: Rishi Kapoor, Netflix cook up discomfort food "
" Sharmila Tagore has been a style icon for more than half a century Dec 08, 2018 14:07 IST "
 HT Palate Fest 2018: Food-ology in a fun-filled way is back in Delhi! 
 Rise up: Female voices take centre stage at Grammys 
 Ted Baker CEO and founder Ray Kelvin to take leave of absence 
" Sensex cracks over 300 points, Nifty drops below 10,700 Dec 06, 2018 14:14 IST "
" RBI keeps key interest rates unchanged, GDP pegged at 7.4% "
 India’s weakening economy gives RBI more reason to hold interest rates 
 Hindustan Unilever to merge with GSK Consumer Healthcare 
" India vs Canada Hockey World cup 2018 Live updates: IND lead CAN 5-1 Dec 08, 2018 20:22 IST "
 Shubhankar Sharma becomes youngest Indian to win Asian Tour Order of Merit 
 Simona Halep bags WTA Fan Favourite for second straight season 
 Sri Lanka appoint Steve Rixon as fielding coach 
" Exit polls: KCR has an edge in Telangana but it may not be easy Dec 07, 2018 22:17 IST "
 Delhi government faces Rs 1 crore fine for burning waste 
" ‘Bald’ killer gets hair transplant for a new look, caught by cops "
 2-day Sealing drive against polluting units in outer Delhi areas from today 
" Exit polls: KCR has an edge in Telangana but it may not be easy Dec 07, 2018 22:17 IST "
 Boost for revamp of dilapidated buildings in Mumbai as BMC relaxes norms 
" Maharashtra doesn’t breathe easy, air pollution killed 1.08 lakh in 2017 "
 Mumbai Rail Vikas Corporation to work on urban transport project designs 
" HSSC Group D answer key 2018 released, check it here Dec 08, 2018 14:16 IST "
 IBPS clerk prelims analysis for slot 2 exam on December 8 
 JNU entrance exam in May next year 
" IBPS clerk prelims analysis for December 8, Slot 1 examination "
2018 Assembly elections are a loose template for 2019 
" Between December and April-May, the BJP will try to find and highlight national issues, even as the Congress and other opposition parties focus on state-specific ones. It promises to be interesting....read more "
Why Indian conservatism strikes a fine balance 
" Unlike liberalism, Indian conservatism cannot be just about the individual; or unlike socialism, just about society; but about the balance between the two – individual and community...read more "
Corporations can help us fight climate change 
" More can be done to build a comprehensive robust environment to promote capital flows and ensure that climate considerations are integrated into other sector policies. Strategic measures to internalise climate change as a risk, build competition and measures to promote investment are crucial...read more "
Vidya Soundarajan and Cristina Rumbaitis del Rio
Register with Hindustan Times to get best news and articles
